Python loop,Numpy,C++,CUDA,OpenCL CPU,OpenCL GPU,PyOpenCL CPU,PyOpenCL GPU
12720.000029,273.000002,41.249300,32.241200,109.271000,32.010800,48.000097,225.999832
12440.999985,322.999954,40.050400,32.208500,111.964000,32.008100,45.000076,217.000008
12766.999960,278.000116,42.705100,32.221700,112.198000,31.991600,46.000004,222.000122
12375.000000,274.999857,48.157400,32.234300,112.823000,31.889100,47.000170,223.999977
12315.000057,309.999943,40.304000,32.187200,107.456000,31.906500,44.999838,225.000143
12346.000195,276.000023,40.809400,32.212400,112.189000,32.014700,45.000076,220.999956
