Python loop [cpu],Py Numpy [cpu],C++ loop [cpu],C++ CUDA [gpu],C++ OCL [cpu],C++ OCL [gpu],PyOCL [cpu],PyOCL [gpu],Py TensorFlow [cpu],Py TensorFlow [gpu],Octave [cpu],R [cpu],Java loop [cpu],C++ OMP [cpu],MXNet [cpu],MXNet [gpu]
19898.220539093,125.0147819519,39.101,3.5843,86.9829,3.38268,31.2197208405,140.6445503235,204.5614719391,31.2519073486,250.06,203.15,40.876458,41.8656,377.379655838,31.2540531158
18274.5101451874,124.9811649323,39.028,3.60323,105.796,3.3893,31.2650203705,140.6590938568,203.1099796295,15.629529953,250.03,203.146,40.902298,43.16,375.009059906,31.2569141388
21692.5611495972,125.0107288361,39.1605,3.59121,105.333,3.37908,31.2283039093,140.6397819519,203.1762599945,31.2528610229,250.4,187.52,40.853021,44.4947,375.0350475311,46.9081401825
18075.7129192352,125.0114440918,40.0291,3.5828,105.847,3.36646,31.2483310699,140.6073570251,203.1433582306,31.2523841858,250.45,203.6481,40.840401,44.1621,375.007390976,31.2519073486
21910.7794761658,124.977350235,39.8197,3.59241,105.65,3.38809,46.8525886536,140.6397819519,203.1095027924,31.222820282,251.15,203.146,41.245433,42.2769,375.4873275757,46.8926429749
