Python loop,Py Numpy,C++ loop,C++ CUDA,C++ OCL CPU,C++ OCL GPU,PyOCL CPU,PyOCL GPU
12720.000029,273.000002,41.2493,32.2412,109.271,32.0108,48.000097,225.999832
12440.999985,322.999954,40.0504,32.2085,111.964,32.0081,45.000076,217.000008
12766.99996,278.000116,42.7051,32.2217,112.198,31.9916,46.000004,222.000122
12375,274.999857,48.1574,32.2343,112.823,31.8891,47.00017,223.999977
12315.000057,309.999943,40.304,32.1872,107.456,31.9065,44.999838,225.000143
12346.000195,276.000023,40.8094,32.2124,112.189,32.0147,45.000076,220.999956
