Python loop [cpu],Py Numpy [cpu],Py Pandas [cpu],C++ loop [cpu],C++ CUDA [gpu],C++ OCL [cpu],C++ OCL [gpu],PyOCL [cpu],PyOCL [gpu],Py TensorFlow [cpu],Py TensorFlow [gpu],Octave [cpu],R (loop) [cpu],R (array) [cpu],R (matrix) [cpu],R (data.frame) [cpu],R (data.table) [cpu],Java loop [cpu],C++ OMP [cpu],MXNet [cpu],MXNet [gpu],Julia (loop) [cpu],Julia (vec) [cpu]
11814.3246173859,76.7731666565,298.3531951904,36.5619,3.46026,80.9535,3.34583,39.4365787506,77.2020816803,143.602848053,29.9756526947,216.32,75848,150.8322,1624.126,145.5889,699.0335,42.749365,152.495,227.7929782867,12.852191925,41.368134,121.145931
11787.1744632721,77.1269798279,297.2867488861,36.3535,3.49096,80.8104,3.33768,40.8666133881,77.1315097809,143.19896698,29.932975769,217.7,75848,150.6872,1625.144,145.6718,706.9457,42.569067,131.111,226.3121604919,12.8562450409,41.285243,121.903045
11894.9618339539,77.7776241302,297.511100769,36.7524,3.48886,80.8104,3.32232,39.555311203,77.1236419678,144.0351009369,29.8330783844,218.29,75848,151.4618,1626.802,144.9859,707.624,42.645403,155.393,226.2942790985,12.8448009491,41.551043,121.179898
11944.1521167755,76.9598484039,298.8362312317,36.8714,3.44298,80.8791,3.34494,39.892911911,77.5105953217,143.0079936981,29.8807621002,218.9,75848,152.0433,1627.102,145.2329,706.8198,42.717493,156.899,224.7471809387,12.8903388977,41.276621,121.815322
12232.8991889954,77.1653652191,297.9683876038,36.8415,3.45122,80.8281,3.35532,39.478302002,77.693939209,144.0672874451,29.8111438751,217.2,75848,152.4978,1624.193,146.1084,709.8715,42.831406,127.677,224.8799800873,12.7730369568,41.235842,122.200689
