Python loop [cpu],Py Numpy [cpu],C++ loop [cpu],C++ CUDA [gpu],C++ OCL [cpu],C++ OCL [gpu],PyOCL [cpu],PyOCL [gpu],Py TensorFlow [cpu],Py TensorFlow [gpu],Octave [cpu],R [cpu],Java loop [cpu],C++ OMP [cpu]
11814.3246173859,76.7731666565,43.7231,3.46026,80.9535,3.34583,39.4365787506,77.2020816803,143.602848053,29.9756526947,216.32,150.8322,42.749365,152.495
11787.1744632721,77.1269798279,43.833,3.49096,80.8104,3.33768,40.8666133881,77.1315097809,143.19896698,29.932975769,217.7,150.6872,42.569067,131.111
11894.9618339539,77.7776241302,43.4682,3.48886,80.8104,3.32232,39.555311203,77.1236419678,144.0351009369,29.8330783844,218.29,151.4618,42.645403,155.393
11944.1521167755,76.9598484039,43.7609,3.44298,80.8791,3.34494,39.892911911,77.5105953217,143.0079936981,29.8807621002,218.9,152.0433,42.717493,156.899
12232.8991889954,77.1653652191,43.6355,3.45122,80.8281,3.35532,39.478302002,77.693939209,144.0672874451,29.8111438751,217.2,152.4978,42.831406,127.677
