Python loop [cpu],Py Numpy [cpu],C++ loop [cpu],C++ CUDA [cpu],C++ OCL [cpu],C++ OCL [gpu],PyOCL [cpu],PyOCL [gpu],Py TensorFlow [cpu],Py TensorFlow [gpu],Octave [cpu],R [cpu]
12720.000029,273.000002,41.2493,32.2412,109.271,32.0108,48.000097,225.999832,211.5616798401,78.1762599945,313.833,212.5349
12440.999985,278.000116348,40.0504,32.2085,111.964,32.0081,45.000076,217.000008,215.5725955963,79.2121887207,346.921,215.5709
12766.99996,278.000116,42.7051,32.2217,112.198,31.9916,46.000004,222.000122,214.5380973816,78.1762599945,305.817,216.5759
12375,274.999857,40.7556,32.2343,112.823,31.8891,47.00017,223.999977,214.5400047302,79.2050361633,305.845,220.588
12315.000057,279.99997139,40.304,32.1872,107.456,31.9065,44.999838,225.000143,212.5935554504,78.2079696655,307.85,214.571
12346.000195,276.000023,40.8094,32.2124,112.189,32.0147,45.000076,220.999956,218.5752391815,78.2382488251,308.823,217.5789
